{"t": [1457.5, 1474.0999999940395, 1491.0999999940395, 1507.5, 1524.199999988079, 1541, 1557.5999999940395, 1574.199999988079, 1590.9000000059605, 1607.5, 1624.199999988079, 1640.9000000059605, 1657.300000011921, 1674.0999999940395, 1690.699999988079, 1874.0999999940395, 1890.9000000059605, 1907.5, 1924.5999999940395, 1940.9000000059605, 1957.5, 1974.0999999940395, 1990.9000000059605, 2007.5, 2024.199999988079, 2040.800000011921, 2057.300000011921, 2307.5, 2324.0999999940395, 2340.5999999940395, 2357.4000000059605, 2374, 2390.800000011921, 2407.699999988079, 2424.199999988079, 2440.9000000059605, 2457.4000000059605, 2474.199999988079, 2490.800000011921, 2507.699999988079, 2524.0999999940395, 2540.9000000059605, 2557.5, 2574.0999999940395, 2591.0999999940395, 2607.5, 2624.0999999940395, 2640.800000011921, 2657.5, 2674.0999999940395, 2690.800000011921, 2707.5999999940395, 2724.199999988079, 2740.800000011921, 2757.4000000059605, 2774, 2790.699999988079, 3007.4000000059605, 3024.0999999940395, 3041, 3057.4000000059605, 3074.0999999940395, 3090.800000011921, 3107.5, 3124.0999999940395, 3140.9000000059605, 3157.4000000059605, 3174.0999999940395, 3190.5999999940395, 3207.300000011921, 3224, 3240.699999988079, 3257.4000000059605, 3274.0999999940395, 3290.800000011921, 3307.4000000059605, 3324, 3640.699999988079, 3657.4000000059605, 3674.0999999940395, 3690.9000000059605, 3707.4000000059605, 3724.300000011921, 3740.9000000059605, 3757.5, 3774.199999988079, 3791, 3807.4000000059605, 3824, 3840.699999988079, 3857.300000011921, 3874.0999999940395, 4040.699999988079, 4057.300000011921, 4074, 4090.699999988079, 4107.5, 4124.0999999940395, 4141.0999999940395, 4157.5, 4174.199999988079, 4190.699999988079, 4207.4000000059605, 4224.0999999940395, 4240.699999988079, 4257.300000011921, 4274, 4290.5999999940395, 4307.300000011921, 4324, 6790.699999988079, 6807.199999988079, 6824, 6840.699999988079, 6857.5, 6874.0999999940395, 6890.699999988079, 6907.4000000059605, 6924, 6940.5999999940395, 6957.199999988079, 6974, 6990.5999999940395, 7007.300000011921, 7024, 7040.699999988079, 7057.199999988079], "y": [188, 188, 188.8628961472612, 188.8717843627512, 188.87311574897737, 188.87442550199268, 187.13806027418053, 186.15478401758585, 185.15830679393878, 185.14797564737628, 185.146439073968, 185.14491845627597, 185.14343146558863, 185.14193325346318, 184.15656614609532, 199.84390510886178, 215.83952826321246, 239.8403306651633, 261.8409932921755, 286.84067839298496, 305.841315376937, 320.8412796598491, 331.8414258175855, 339.8414252501868, 342.84333344429945, 342.8684808250336, 342.86983842170065, 295.1581167053289, 295.13170567419485, 295.1303461524061, 295.1289926429904, 295.1276531883666, 294.15460692853827, 293.15830242199365, 287.16031805934716, 276.1598391506692, 268.15858213676785, 258.15942088665605, 252.1581394773691, 249.1575720676931, 247.15824702112323, 244.15947649849798, 245.8614099771667, 246.84511456950156, 268.8394793045744, 286.8411027623916, 296.84210152322856, 309.84052807851964, 317.8418187592209, 319.8450919208649, 319.8633016402404, 318.1372403141958, 316.157444142112, 314.15888934276364, 313.1576166272003, 313.1472054872644, 313.14568596983605, 223.15909291070062, 222.15161186304138, 224.85482370872427, 229.84071042784376, 239.840132452416, 249.8408531302928, 269.84010958714634, 284.8413304784547, 297.84112350950505, 306.8415138814462, 312.84165548943616, 313.84740765941115, 315.84079766755787, 316.84233831244717, 318.84037810930437, 322.84017573518577, 323.84469927463465, 324.84166333017333, 324.11730561084175, 320.15857430262946, 187.15915102638374, 187.111582579141, 187.11041704428175, 201.84369239141336, 220.84056641837483, 255.84016801855498, 281.8413666344056, 301.84128482247996, 318.84115270356745, 331.8413455288372, 332.8551098428045, 332.8656018023376, 331.1374097311933, 321.1599973503751, 309.15938618658123, 232.15903719784754, 232.10834198704413, 232.1072236351362, 232.10611022904936, 229.15639992901907, 225.15934721688623, 218.1597650208849, 211.1591376872055, 206.15850192469114, 205.1538537175538, 203.15930694118998, 203.1411473590785, 203.13969906316171, 203.13825703022434, 203.13681286761593, 203.13540904738983, 203.13399463336137, 203.13261148396603, 140.1584691500661, 140.15301220683438, 140.15141391915682, 148.84626971665884, 159.84068567031022, 172.84060686854977, 188.84058341168137, 195.8427650491517, 199.84207301627785, 199.87358803885817, 199.87490069578126, 199.87619972212786, 199.87747764106527, 199.87875744730138, 199.8800164252868, 199.8812549465966, 199.88248068336452], "p": [1, 1, 1, 1, 1, 1, 1, 1, 1, 1, 1, 1, 1, 1, 1, 1, 1, 1, 1, 1, 1, 1, 1, 1, 1, 1, 1, 1, 1, 1, 1, 1, 1, 1, 1, 1, 1, 1, 1, 1, 1, 1, 1, 1, 1, 1, 1, 1, 1, 1, 1, 1, 1, 1, 1, 1, 1, 1, 1, 1, 1, 1, 1, 1, 1, 1, 1, 1, 1, 1, 1, 1, 1, 1, 1, 1, 1, 1, 1, 1, 1, 1, 1, 1, 1, 1, 1, 1, 1, 1, 1, 1, 1, 1, 1, 1, 1, 1, 1, 1, 1, 1, 1, 1, 1, 1, 1, 1, 1, 1, 1, 1, 1, 1, 1, 1, 1, 1, 1, 1, 1, 1, 1, 1, 1, 1, 1], "x": [123, 123, 133.8431385839019, 155.8401015776342, 178.84079681199566, 213.84032856386082, 253.8406659123716, 285.84121409306294, 309.84137084941943, 317.84379312949136, 317.89544494184474, 317.8965242034677, 317.89759232449666, 317.89866202297986, 317.89970183966005, 275.15813098036256, 273.15763734424615, 267.1600582630718, 263.1584075361696, 257.1595769225681, 255.15635259423854, 253.1587910255993, 253.14062007419946, 253.1391685341958, 253.13772341351068, 253.1363102502837, 253.1348948099059, 344.8413959100493, 344.88463391750605, 344.8858247751042, 344.88701036623274, 344.88818364622665, 355.8415439263271, 368.8406450930913, 389.84028475068226, 419.84038845320697, 434.84233947619873, 445.8414367071996, 447.8470939432322, 447.86520507531736, 444.14784795303177, 423.1602603499934, 394.1595980336918, 387.15459809280355, 362.1601554268332, 356.15480105796917, 356.1119055380376, 360.8492552219082, 375.839969392156, 395.8404551612985, 422.8404683083044, 441.84148442751285, 460.84084307025955, 475.84128039840596, 478.8464630103059, 478.87165480130386, 478.87297963484025, 574.8409341064167, 564.1570455422003, 543.1598384159503, 536.1563113668349, 535.1509079508304, 536.8619610630126, 551.8397844698195, 568.8406555562227, 587.8407157289568, 597.8421608700102, 602.8424198577148, 602.8796903531634, 602.8809396438926, 602.8821759620329, 598.1505619647227, 586.1598767090709, 574.1591775901601, 552.1598051964824, 540.157951751276, 533.1580152507062, 713.8410127840262, 713.8991215186804, 713.9001752439791, 714.8492071906057, 715.8422191537276, 715.8525640271272, 715.8541040683012, 715.8556010887453, 715.8571005214638, 715.8585931767258, 715.8600354309744, 715.8614888176571, 715.8629356350068, 713.1441564304881, 708.1592127810436, 630.159175924964, 630.1080290191602, 630.1069138978395, 630.1058037080528, 656.8424074272665, 676.8413904544378, 713.8401578723145, 763.8404505685031, 799.8414463763229, 810.844153468503, 810.9072832267277, 810.908251698976, 810.9091931171548, 810.9101304642855, 810.9110691957404, 810.911981703927, 810.9129010982742, 810.9138001700522, 712.1583671806565, 712.150808878173, 712.1492336053459, 712.1476839693506, 712.1461413377314, 712.1446417992059, 712.1431487452523, 712.1416622942094, 712.140191278414, 712.1387441646223, 712.1373034505744, 712.1358776968432, 712.1344751096685, 712.1330704510784, 712.1316886526529, 712.1303374113745, 712.1289920133746]}