{"p": [1, 1, 1, 1, 1, 1, 1, 1, 1, 1, 1, 1, 1, 1, 1, 1, 1, 1, 1, 1, 1, 1, 1, 1, 1, 1, 1, 1, 1, 1, 1, 1, 1, 1, 1, 1, 1, 1, 1, 1, 1, 1, 1, 1, 1, 1, 1, 1, 1, 1, 1, 1, 1, 1, 1, 1, 1, 1, 1, 1, 1, 1, 1, 1, 1, 1, 1, 1, 1, 1, 1, 1, 1, 1, 1, 1, 1, 1, 1, 1, 1, 1, 1, 1, 1, 1, 1, 1, 1, 1, 1, 1, 1, 1, 1, 1, 1, 1, 1, 1, 1, 1, 1, 1, 1, 1, 1, 1, 1, 1, 1, 1, 1, 1, 1, 1, 1, 1, 1, 1, 1, 1, 1, 1, 1], "x": [193, 193.00000000000003, 193.00000000000003, 193.00000000000003, 200.84398132372644, 217.84011121868465, 238.84054539054733, 252.84159961408182, 268.8406968573086, 278.841739488637, 282.84313782650526, 282.8745833179755, 282.8756226939025, 283.8458435394027, 283.85583724716315, 283.85732535619985, 283.8588156629473, 284.84353653499943, 241.15807557519625, 241.1320521407514, 241.1306809164162, 241.12931589004353, 241.12798103661729, 241.12665208647974, 242.86201845673065, 242.1211617513057, 242.113397944926, 242.1122204250489, 242.11105513248447, 242.10990877433738, 242.10877424939304, 242.10763804891172, 242.10652696334958, 291.84177219621654, 291.86771647058777, 291.86909009765395, 291.87044946102003, 291.8718186195428, 300.8414118412995, 309.84088357013877, 321.8405004119946, 335.8406521851759, 343.84197624050023, 351.84088309943513, 354.8433158465968, 355.8440109333836, 355.85434578595675, 354.1365819405219, 351.15840164100706, 346.15966706609373, 340.15938295863117, 334.159111322401, 327.1593359285137, 322.15852877200274, 319.15806298879164, 319.1329904158648, 319.1316176324256, 319.1302509200178, 321.85550140873505, 331.8400514961202, 339.8412282268317, 349.84057470215424, 361.84062098229634, 372.84099767908094, 381.84119646980514, 390.8408921094117, 392.8456910322779, 393.84309873790284, 393.85340969333873, 394.8427953429667, 458.84082337182065, 458.87584165627527, 458.87711562996793, 443.15636072516315, 441.14980569166056, 438.1590100043399, 437.1563505334346, 437.8824005387203, 448.84009733220967, 459.8408542361302, 473.8405359215628, 485.8411163343965, 495.841173453689, 500.8423540263064, 502.8431671932247, 502.86130313074545, 501.13709438413457, 496.15929375300055, 478.1602266200865, 468.15798934036445, 462.1581036908326, 460.1561744863091, 459.15718984472846, 561.8413267964074, 561.8726309087529, 561.8739535044828, 570.841449104728, 575.8420862811381, 580.8409459715919, 585.8408907011532, 587.8430578455319, 588.842678098323, 588.8530128944658, 590.8418642788747, 590.8599395368607, 590.8613853003244, 590.8628246700081, 590.8645438836893, 590.8656497172082, 590.8670448053517, 526.1583563626215, 526.1325821902968, 526.1312217805371, 534.845918909969, 556.8400074742465, 581.8406545712993, 616.8404284435056, 639.841622298714, 645.8449732999394, 646.8480107540508, 646.8583602630782, 646.8598223284753, 646.8612865531205, 646.8628122507341, 646.864135427279], "t": [1988.4000000953674, 2004.9000000953674, 2021.4000000953674, 2038.1000000238419, 2054.9000000953674, 2071.600000023842, 2088.2000000476837, 2104.7000000476837, 2121.600000023842, 2138, 2154.8000000715256, 2174.7000000476837, 2188, 2204.8000000715256, 2221.3000000715256, 2238, 2254.7000000476837, 2271.3000000715256, 2504.7000000476837, 2521.3000000715256, 2537.9000000953674, 2554.7000000476837, 2571.600000023842, 2588.100000023842, 2604.7000000476837, 2621.4000000953674, 2638.100000023842, 2654.7000000476837, 2671.3000000715256, 2688, 2704.600000023842, 2721.4000000953674, 2738, 3004.600000023842, 3021.3000000715256, 3037.9000000953674, 3054.600000023842, 3071.7000000476837, 3088.2000000476837, 3104.7000000476837, 3121.3000000715256, 3138.100000023842, 3154.7000000476837, 3171.4000000953674, 3188, 3204.7000000476837, 3221.4000000953674, 3238, 3254.600000023842, 3271.4000000953674, 3287.9000000953674, 3304.600000023842, 3321.3000000715256, 3337.9000000953674, 3354.600000023842, 3371.4000000953674, 3388, 3404.7000000476837, 3421.3000000715256, 3438.100000023842, 3454.7000000476837, 3471.3000000715256, 3488, 3504.7000000476837, 3521.3000000715256, 3538, 3554.600000023842, 3571.3000000715256, 3587.9000000953674, 3604.600000023842, 3838, 3854.7000000476837, 3871.3000000715256, 3888.2000000476837, 3904.7000000476837, 3921.2000000476837, 3938, 3954.600000023842, 3971.3000000715256, 3988, 4004.600000023842, 4021.4000000953674, 4038, 4054.7000000476837, 4071.3000000715256, 4087.9000000953674, 4104.600000023842, 4121.300000071526, 4138, 4154.600000023842, 4171.300000071526, 4187.900000095367, 4204.700000047684, 4638, 4654.5, 4671.300000071526, 4688, 4704.700000047684, 4721.300000071526, 4738, 4754.700000047684, 4771.300000071526, 4787.900000095367, 4804.600000023842, 4821.300000071526, 4837.900000095367, 4854.600000023842, 4874.800000071526, 4887.900000095367, 4904.5, 5254.600000023842, 5271.400000095367, 5287.900000095367, 5304.600000023842, 5321.300000071526, 5338.100000023842, 5354.700000047684, 5371.400000095367, 5387.900000095367, 5404.5, 5421.200000047684, 5437.900000095367, 5454.700000047684, 5472.300000071526, 5487.800000071526], "y": [123, 123, 123, 123, 125.84894249177135, 128.841354397042, 131.84093738091462, 133.84166973862904, 134.84249564100327, 135.84130363032207, 136.841162746808, 136.85172241911647, 136.85295125204044, 136.8544872484655, 136.85598033714433, 136.8574669691456, 136.85895579667624, 136.8604117147231, 136.87825754156094, 136.87951421881627, 136.88076533851998, 153.8412308709127, 171.84076286609903, 188.84095575585027, 208.8406269516806, 227.84093355656609, 232.8449061928699, 235.8421394429665, 236.84381734181292, 236.8541538628892, 236.85565934852116, 236.85716705754783, 236.8586414397181, 213.15700191039684, 213.1427855717316, 213.14130289186315, 213.13983560809564, 213.13835775153, 215.8559086949671, 219.84111956571763, 221.84238310388642, 221.86063677672118, 221.86209249405442, 219.14411397609666, 214.15921146706813, 208.15936197948974, 203.15882210003144, 198.15909953018274, 194.15871806236564, 193.1550705407036, 193.14473273529046, 193.14322983616137, 196.85247504531222, 201.8409622573859, 207.84066105735832, 213.8408725775723, 218.84117872882538, 221.84190884018383, 225.84059492360407, 231.84038123177382, 234.84232641046052, 240.84018973769693, 242.84365711118303, 245.8406127148983, 245.86581597637874, 245.86720933810346, 245.868588231204, 245.86995280594155, 245.8712952081978, 245.87262375359956, 197.15815216531277, 197.129807206087, 197.12847527010342, 195.15677078615437, 195.13903297981307, 197.85594315026876, 201.84113251847995, 208.8402548244594, 218.84040385909856, 231.8405202680441, 241.8412952821236, 250.84106007651255, 260.84072812571793, 267.8415044669158, 269.8444340204428, 271.8412562327084, 274.8404702023633, 275.8435776399633, 278.8401207856761, 278.86534542518916, 277.1373921195526, 276.1546692019316, 271.1601339864948, 152.15909361808326, 152.12405282848192, 152.1227646686967, 158.84714784469628, 175.84004277577674, 189.84116252076979, 212.8402654793263, 236.8408022226747, 250.8419014507713, 258.8420027645998, 262.84242106148577, 262.8739343488085, 262.8752356518918, 262.87653120006024, 262.87807863027285, 262.8790739691397, 262.8803296603702, 196.15841159824038, 196.13200304395028, 196.13064857674092, 196.88080754370424, 196.8885851756936, 196.88973524673213, 197.84777711344339, 198.8420244421702, 198.85233277697094, 198.85385706062345, 198.85537460326802, 198.85687638780828, 198.8583625778653, 198.85992043603838, 198.86127150415092]}